"row","documentId","id","nameTh","region","province","originalImageCount","uniqueImageCount","duplicateImageCount","failedImageCount","firestoreStatus"
"2","att_0002_20250620152047000","20250620152047000","ชุมชนเกาะยาวน้อย","ภาคใต้","พังงา","2","1","1","0","not_requested"
"3","att_0003_20250620151429000","20250620151429000","เล็ทส์ รีแลกซ์ โบ้ท ลากูน ภูเก็ต","ภาคใต้","ภูเก็ต","2","1","1","0","not_requested"
"4","att_0004_20250620151413000","20250620151413000","น้ำพุร้อนเค็มคลองท่อม","ภาคใต้","กระบี่","2","1","1","0","not_requested"
"5","att_0005_20250620145704000","20250620145704000","หมู่บ้านแม่กำปอง","ภาคเหนือ","เชียงใหม่","2","1","1","0","not_requested"
"6","att_0006_20250620144750000","20250620144750000","เวียงภูเพียงแช่แห้ง","ภาคเหนือ","น่าน","2","1","1","0","not_requested"
"7","att_0007_20250620140701000","20250620140701000","วิสาหกิจชุมชนท่องเที่ยวชุมชนตำบลม่วงกลวง","ภาคใต้","ระนอง","2","1","1","0","not_requested"
"8","att_0008_20250620131238000","20250620131238000","ถ้ำเล สเตโกดอน","ภาคใต้","สตูล","2","1","1","0","not_requested"
"9","att_0009_20250620120308000","20250620120308000","ชุมชนท่องเที่ยวบ้านมุงเหนือ","ภาคเหนือ","พิษณุโลก","2","1","1","0","not_requested"
"10","att_0010_20250619102824000","20250619102824000","เรด เมาท์เทิน กอล์ฟ คลับ","ภาคใต้","ภูเก็ต","2","1","1","0","not_requested"
"11","att_0011_20250619095339000","20250619095339000","อุทยานแห่งชาติธารโบกขรณี","ภาคใต้","กระบี่","2","1","1","0","not_requested"
