status,row,documentId,nameTh,province,region,category,type,imageCount
"NO_IMAGE","73","att_0073_20250117121110000","ดอยป่าคา","เชียงใหม่","ภาคเหนือ","ธรรมชาติ","จุดชมวิว","0"
"NO_IMAGE","78","att_0078_20241223135737000","ชุมชนไทลื้อศรีดอนชัย","เชียงราย","ภาคเหนือ","ประวัติศาสตร์และวัฒนธรรม","โบราณสถาน","0"
"NO_IMAGE","105","att_0105_20241121141201000","เมืองคอง","เชียงใหม่","ภาคเหนือ","ธรรมชาติ","ชุมชน","0"
"NO_IMAGE","188","att_0188_20230912200856000","ศูนย์การเรียนรู้ภูเพียงโมเดล - รักษ์ป่าน่าน","น่าน","ภาคเหนือ","กิจกรรมพิเศษ/นันทนาการ","ศูนย์วิจัย (เกษตร)/สถานีทดลอง (เกษตร)","0"
"NO_IMAGE","195","att_0195_20230821101853000","เกาะนกเภา","สุราษฎร์ธานี","ภาคใต้","ธรรมชาติ","อ่าว/หาดทราย/ชายทะเล","0"
"NO_IMAGE","202","att_0202_20230515161439000","วัดพระเกิด","น่าน","ภาคเหนือ","ประวัติศาสตร์และวัฒนธรรม","โบราณสถาน","0"
"NO_IMAGE","251","att_0251_20221228153339699200","ศูนย์เรียนรู้รักษ์แบนส์","สุราษฎร์ธานี","ภาคใต้","กิจกรรมพิเศษ/นันทนาการ","ไร่และสวน","0"
"NO_IMAGE","579","att_0579_20170531091648200704","บ้านปางมะนาว (โครงการคลองลาน 2)","กำแพงเพชร","ภาคเหนือ","ประวัติศาสตร์และวัฒนธรรม","ชุมชน","0"
"NO_IMAGE","592","att_0592_20170331145600200704","แก่งสะม้า 9 บั้ง","น่าน","ภาคเหนือ","ธรรมชาติ","แม่น้ำและคลอง","0"
"NO_IMAGE","619","att_0619_20170214202547101696","ถ้ำตลอด","นครศรีธรรมราช","ภาคใต้","ธรรมชาติ","ถ้ำ","0"
"NO_IMAGE","621","att_0621_20170214194600099840","กลุ่มหัตถกรรมจักสานพัดใบกะพ้อบ้านโคกยาง","นครศรีธรรมราช","ภาคใต้","ประวัติศาสตร์และวัฒนธรรม","ศูนย์การเรียนรู้","0"
"NO_IMAGE","637","att_0637_20170117091117101056","อ่างน้ำผุดบางสวรรค์","สุราษฎร์ธานี","ภาคใต้","ธรรมชาติ","พรุ/ป่าชายเลน/พื้นที่ชุ่มน้ำ","0"
"NO_IMAGE","701","att_0701_2015120421550710016","บ้านผาเจริญ","แม่ฮ่องสอน","ภาคเหนือ","ประวัติศาสตร์และวัฒนธรรม","ศูนย์การเรียนรู้","0"
"NO_IMAGE","759","att_0759_2015120421550710016","โครงการพระราชดำริบ้านทุ่งจี้","ลำปาง","ภาคเหนือ","กิจกรรมพิเศษ/นันทนาการ","โครงการหลวง","0"
"NO_IMAGE","783","att_0783_2015120421550710016","ดงแม่นางเมือง","นครสวรรค์","ภาคเหนือ","ประวัติศาสตร์และวัฒนธรรม","โบราณสถาน","0"
"NO_IMAGE","803","att_0803_2015120421550710016","ศูนย์โครงการพัฒนาตามพระราชดำริจังหวัดแม่ฮ่องสอน","แม่ฮ่องสอน","ภาคเหนือ","กิจกรรมพิเศษ/นันทนาการ","โครงการหลวง","0"
"NO_IMAGE","823","att_0823_2015120421550710016","ชุมชนคนรักษ์ป่าหนองแม่นา","เพชรบูรณ์","ภาคเหนือ","ประวัติศาสตร์และวัฒนธรรม","ชุมชน","0"
"NO_IMAGE","837","att_0837_2015120421550710016","วัดทับทิม","พิจิตร","ภาคเหนือ","ประวัติศาสตร์และวัฒนธรรม","วัดและศาสนสถาน","0"
"NO_IMAGE","840","att_0840_2015120421550710016","วัดขวาง","พิจิตร","ภาคเหนือ","ประวัติศาสตร์และวัฒนธรรม","วัดและศาสนสถาน","0"
"NO_IMAGE","845","att_0845_2015120421550710016","วัดเทพสิทธิการาม","พิจิตร","ภาคเหนือ","ประวัติศาสตร์และวัฒนธรรม","วัดและศาสนสถาน","0"
"NO_IMAGE","886","att_0886_2015120421550710016","พิพิธภัณฑ์ศิลปวัฒนธรรมท้องถิ่น","ตาก","ภาคเหนือ","ประวัติศาสตร์และวัฒนธรรม","พิพิธภัณฑ์","0"
"NO_IMAGE","888","att_0888_2015120421550710016","บ้านปูเต้อ","ตาก","ภาคเหนือ","ประวัติศาสตร์และวัฒนธรรม","ชุมชน","0"
"NO_IMAGE","965","att_0965_2015120421550710016","ศูนย์ฝึกลิง","เชียงใหม่","ภาคเหนือ","กิจกรรมพิเศษ/นันทนาการ","สวนสัตว์","0"
"NO_IMAGE","999","att_0999_2015120421550710016","บ้านใหม่สามัคคี","เชียงใหม่","ภาคเหนือ","ประวัติศาสตร์และวัฒนธรรม","ประวัติความเป็นมา","0"
"NO_IMAGE","1022","att_1022_2015120421550710016","ศูนย์พัฒนาและสงเคราะห์ชาวเขา จังหวัดเชียงราย","เชียงราย","ภาคเหนือ","ประวัติศาสตร์และวัฒนธรรม","ชุมชน","0"
"NO_IMAGE","1039","att_1039_2015120421550710016","ลาหู่ไทรเบิลโฮมสเตย์","เชียงราย","ภาคเหนือ","ประวัติศาสตร์และวัฒนธรรม","ชุมชน","0"
"NO_IMAGE","1145","att_1145_2015120421550710016","กลุ่มอาชีพผลิตภัณฑ์กะลามะพร้าว","สงขลา","ภาคใต้","ประวัติศาสตร์และวัฒนธรรม","ศูนย์การเรียนรู้","0"
"NO_IMAGE","1151","att_1151_2015120421550710016","สวนรุกขชาติป่าชายเลนคลองละอุ่น","ระนอง","ภาคใต้","ธรรมชาติ","พรุ/ป่าชายเลน/พื้นที่ชุ่มน้ำ","0"
"NO_IMAGE","1164","att_1164_2015120421550710016","สำนักศิลปและวัฒนธรรมภูเก็ต","ภูเก็ต","ภาคใต้","ประวัติศาสตร์และวัฒนธรรม","พิพิธภัณฑ์","0"
"NO_IMAGE","1202","att_1202_2015120421550710016","หาดไข่เต่า","พัทลุง","ภาคใต้","ธรรมชาติ","อ่าว/หาดทราย/ชายทะเล","0"
"NO_IMAGE","1268","att_1268_2015120421550710016","กลุ่มวิสาหกิจชุมชน ตำบลบางสน","ชุมพร","ภาคใต้","ธรรมชาติ","พรุ/ป่าชายเลน/พื้นที่ชุ่มน้ำ","0"
"NO_IMAGE","1274","att_1274_2015120421550710016","เกาะแกลบ","ชุมพร","ภาคใต้","ธรรมชาติ","หมู่เกาะ","0"
"NO_IMAGE","1283","att_1283_2015120421550710016","วัดหาดสำราญ","ชุมพร","ภาคใต้","ประวัติศาสตร์และวัฒนธรรม","วัดและศาสนสถาน","0"
"NO_IMAGE","1309","att_1309_2015120421550710016","แหลมตง","กระบี่","ภาคใต้","ธรรมชาติ","หมู่เกาะ","0"
"NO_IMAGE","1365","att_1365_2013052112302510080","เกาะยาว","นราธิวาส","ภาคใต้","ธรรมชาติ","หมู่เกาะ","0"
"NO_IMAGE","1396","att_1396_2012110710552410112","ถนนท่าช้าง","นครศรีธรรมราช","ภาคใต้","ประวัติศาสตร์และวัฒนธรรม","ศูนย์หัตถกรรม","0"
"NO_IMAGE","1413","att_1413_2012110111413210112","เกาะจำ เกาะปู","กระบี่","ภาคใต้","ธรรมชาติ","หมู่เกาะ","0"
"NO_IMAGE","1489","att_1489_2011050410305410048","ผากาน","ลำปาง","ภาคเหนือ","ธรรมชาติ","จุดชมวิว","0"
"NO_IMAGE","1547","att_1547_2011040614375409920","ไร่ช้างขาว","เชียงใหม่","ภาคเหนือ","กิจกรรมพิเศษ/นันทนาการ","ไร่และสวน","0"
"NO_IMAGE","1563","att_1563_2011040613585110016","บ้านไร่ไผ่งาม","เชียงใหม่","ภาคเหนือ","ประวัติศาสตร์และวัฒนธรรม","ชุมชน","0"
"NO_IMAGE","1575","att_1575_2011040613211109888","พิพิธภัณฑ์สุภา","เชียงใหม่","ภาคเหนือ","ประวัติศาสตร์และวัฒนธรรม","พิพิธภัณฑ์","0"
"NO_IMAGE","1584","att_1584_2011040515501809920","ถ้ำเชียงดาว","เชียงใหม่","ภาคเหนือ","ธรรมชาติ","ถ้ำ","0"
"NO_IMAGE","1672","att_1672_2011032911552910080","วัดเขาวงพรหมจรรย์","อุทัยธานี","ภาคเหนือ","ประวัติศาสตร์และวัฒนธรรม","วัดและศาสนสถาน","0"
"NO_IMAGE","1676","att_1676_2011032911054609920","น้ำตกไซเบอร์","อุทัยธานี","ภาคเหนือ","ธรรมชาติ","น้ำตก","0"
"NO_IMAGE","1681","att_1681_2011032910011909888","เขาผาแรด","อุทัยธานี","ภาคเหนือ","ธรรมชาติ","ภูเขา","0"
"NO_IMAGE","1682","att_1682_2011032909513210112","เขาพระยาพายเรือ","อุทัยธานี","ภาคเหนือ","ธรรมชาติ","ถ้ำ","0"
"NO_IMAGE","1691","att_1691_2011032813010909952","เกาะเทโพ","อุทัยธานี","ภาคเหนือ","ธรรมชาติ","หมู่เกาะ","0"
"NO_IMAGE","1693","att_1693_2011032716142109952","ภูเก็ต บางเทา (ลากูน่า) ไรด์ดิ้ง คลับ","ภูเก็ต","ภาคใต้","กิจกรรมพิเศษ/นันทนาการ","ศูนย์กีฬา","0"
"NO_IMAGE","1770","att_1770_2011032309521009920","ตลาดเจ้าฟ้าวาไรตี้","ภูเก็ต","ภาคใต้","กิจกรรมพิเศษ/นันทนาการ","ตลาด/ช้อปปิ้ง","0"
"NO_IMAGE","1785","att_1785_2011032214204809984","บึงสามพัน","เพชรบูรณ์","ภาคเหนือ","ธรรมชาติ","ทะเลสาบ","0"
"NO_IMAGE","1824","att_1824_2011032015205809920","แหลมหิน","ภูเก็ต","ภาคใต้","ธรรมชาติ","จุดชมวิว","0"
"NO_IMAGE","1969","att_1969_2010120911214109952","พุทธภูมิ","นครศรีธรรมราช","ภาคใต้","ประวัติศาสตร์และวัฒนธรรม","วัดและศาสนสถาน","0"
"NO_IMAGE","1978","att_1978_2010120911214109952","สวนสาธารณะพุน้ำร้อนพุเตย","เพชรบูรณ์","ภาคเหนือ","กิจกรรมพิเศษ/นันทนาการ","สวนสาธารณะ/สวนหย่อม","0"
"NO_IMAGE","2135","att_2135_2010120911214109952","น้ำตกเซปละ","ตาก","ภาคเหนือ","ธรรมชาติ","น้ำตก","0"
"NO_IMAGE","2193","att_2193_20100518224629900","บ่อน้ำร้อนเบตง","ยะลา","ภาคใต้","ธรรมชาติ","น้ำพุร้อน","0"
"NO_IMAGE","2246","att_2246_20100518224629600","ป้อมปากน้ำแหลมทราย","สงขลา","ภาคใต้","ประวัติศาสตร์และวัฒนธรรม","โบราณสถาน","0"
"NO_IMAGE","2292","att_2292_20100518224629400","ถ้ำเพชร","กระบี่","ภาคใต้","ธรรมชาติ","ถ้ำ","0"
"NO_IMAGE","2297","att_2297_20100518224629300","น้ำตกปอย","พิษณุโลก","ภาคเหนือ","ธรรมชาติ","น้ำตก","0"
"NO_IMAGE","2331","att_2331_201005182246292992","บ้านกิ่วกาญจน์","เชียงราย","ภาคเหนือ","ประวัติศาสตร์และวัฒนธรรม","ชุมชน","0"
"NO_IMAGE","2362","att_2362_201005182246292992","หนองรงค์","เชียงราย","ภาคเหนือ","ธรรมชาติ","ทะเลสาบ","0"
"NO_IMAGE","2368","att_2368_20100518224629300","กลุ่มสตรีสหกรณ์ดอนไชย-ไร่อ้อย","น่าน","ภาคเหนือ","ประวัติศาสตร์และวัฒนธรรม","ศูนย์การเรียนรู้","0"
"NO_IMAGE","2411","att_2411_201005182246292992","เกาะเสม็ด","ชุมพร","ภาคใต้","ธรรมชาติ","หมู่เกาะ","0"
"NO_IMAGE","2457","att_2457_201005182246292992","หน่วยพัฒนาต้นน้ำหน่วยที่ 6","เชียงใหม่","ภาคเหนือ","ธรรมชาติ","ศูนย์ศึกษาธรรมชาติ/พิพิธภัณธ์ธรรมชาติ (พืชพันธุ์)","0"
"NO_IMAGE","2459","att_2459_201005182246292992","ถ้ำเวียงแก","น่าน","ภาคเหนือ","ธรรมชาติ","ถ้ำ","0"
"NO_IMAGE","2525","att_2525_201005182246292000","หาดหน้าทับ","ชุมพร","ภาคใต้","ธรรมชาติ","อ่าว/หาดทราย/ชายทะเล","0"
"NO_IMAGE","2542","att_2542_201005182246292000","เขารัง","เพชรบูรณ์","ภาคเหนือ","ธรรมชาติ","จุดชมวิว","0"
"NO_IMAGE","2562","att_2562_201005182246292000","อ่างเก็บน้ำร่องสัก","พะเยา","ภาคเหนือ","ธรรมชาติ","เขื่อน/อ่างเก็บน้ำ","0"
"NO_IMAGE","2577","att_2577_201005182246292000","เขื่อนภูมิพล","ตาก","ภาคเหนือ","ธรรมชาติ","เขื่อน/อ่างเก็บน้ำ","0"
"NO_IMAGE","2590","att_2590_201005182246292000","เขาน้อย","สงขลา","ภาคใต้","ประวัติศาสตร์และวัฒนธรรม","อนุสาวรีย์/อนุสรณ์สถาน","0"
"NO_IMAGE","2618","att_2618_201005182246292000","กลุ่มสตรีสหกรณ์ผู้ผลิตปลาส้ม บ้านสันเวียงใหม่","พะเยา","ภาคเหนือ","ประวัติศาสตร์และวัฒนธรรม","ศูนย์การเรียนรู้","0"
"NO_IMAGE","2629","att_2629_201005182246292000","หนองหลวง","ตาก","ภาคเหนือ","ธรรมชาติ","ทะเลสาบ","0"
"NO_IMAGE","2639","att_2639_201005182246292000","ศูนย์อนุรักษ์มรดกท้องถิ่นกะทู้","ภูเก็ต","ภาคใต้","ประวัติศาสตร์และวัฒนธรรม","พิพิธภัณฑ์","0"
"NO_IMAGE","2689","att_2689_201005182246292000","ศูนย์ศิลปะชุมชนเมืองงาว","ลำปาง","ภาคเหนือ","ประวัติศาสตร์และวัฒนธรรม","ศูนย์การเรียนรู้","0"
"NO_IMAGE","2700","att_2700_201005182246292000","ศูนย์ส่งเสริมกิจกรรมพัฒนาชุมชนดอกคำใต้","พะเยา","ภาคเหนือ","ประวัติศาสตร์และวัฒนธรรม","ศูนย์การเรียนรู้","0"
"NO_IMAGE","2703","att_2703_201005182246292000","น้ำตกแม่แอบ","เชียงราย","ภาคเหนือ","ธรรมชาติ","น้ำตก","0"
"NO_IMAGE","2740","att_2740_20100518224629200","ถ้ำยางวี","ลำพูน","ภาคเหนือ","ธรรมชาติ","ถ้ำ","0"
"NO_IMAGE","2754","att_2754_20100518224629200","ถ้ำดิน","อุตรดิตถ์","ภาคเหนือ","ธรรมชาติ","ถ้ำ","0"
"NO_IMAGE","2808","att_2808_201005182246291008","เขาฝาชี","ระนอง","ภาคใต้","ธรรมชาติ","จุดชมวิว","0"
"NO_IMAGE","2839","att_2839_201005182246291008","เกาะช้าง","ระนอง","ภาคใต้","ธรรมชาติ","หมู่เกาะ","0"
"NO_IMAGE","2857","att_2857_201005182246291008","เกาะสาหร่าย","สตูล","ภาคใต้","ธรรมชาติ","หมู่เกาะ","0"
"NO_IMAGE","2872","att_2872_201005182246291008","เขื่อนบางลาง","ยะลา","ภาคใต้","ธรรมชาติ","เขื่อน/อ่างเก็บน้ำ","0"
"NO_IMAGE","2893","att_2893_201005182246291008","บ้านปะเสยะวอ","ปัตตานี","ภาคใต้","ประวัติศาสตร์และวัฒนธรรม","ศูนย์การเรียนรู้","0"
"NO_IMAGE","2899","att_2899_201005182246291008","หมู่บ้านซาไก","ยะลา","ภาคใต้","ประวัติศาสตร์และวัฒนธรรม","ชุมชน","0"
"NO_IMAGE","2969","att_2969_201005182246291008","น้ำตกไพรวัลย์","พัทลุง","ภาคใต้","ธรรมชาติ","น้ำตก","0"
"OLD_GOOGLE_URL","180","att_0180_20230915144155000","ดินแดงดอย","กระบี่","ภาคใต้","ธรรมชาติ","ภูเขา","8"
"OLD_GOOGLE_URL","284","att_0284_20221219145056698368","เกาะเหลาเหลียง","ตรัง","ภาคใต้","ธรรมชาติ","หมู่เกาะ","8"
"OLD_GOOGLE_URL","483","att_0483_20200606152516399104","กลุ่มผลิตภัณฑ์ผ้าทอดอกพิกุล","สงขลา","ภาคใต้","ประวัติศาสตร์และวัฒนธรรม","ศูนย์การเรียนรู้","8"
"OLD_GOOGLE_URL","698","att_0698_2015121008352019968","คลองบางเจริญ","ชุมพร","ภาคใต้","ธรรมชาติ","แม่น้ำและคลอง","8"
"OLD_GOOGLE_URL","871","att_0871_2015120421550710016","วัดกลาง","น่าน","ภาคเหนือ","ประวัติศาสตร์และวัฒนธรรม","โบราณสถาน","8"
"OLD_GOOGLE_URL","911","att_0911_2015120421550710016","โฮมสเตย์บ้านแม่เต๋อ","เชียงราย","ภาคเหนือ","ประวัติศาสตร์และวัฒนธรรม","ชุมชน","8"
"OLD_GOOGLE_URL","925","att_0925_2015120421550710016","กองพันสัตว์ต่าง (ค่ายตากสิน)","เชียงใหม่","ภาคเหนือ","กิจกรรมพิเศษ/นันทนาการ","สวนสัตว์","2"
"OLD_GOOGLE_URL","1246","att_1246_2015120421550710016","ค่ายมวย ศ. เดชปรีชา","ปัตตานี","ภาคใต้","กิจกรรมพิเศษ/นันทนาการ","ศูนย์กีฬา","5"
"OLD_GOOGLE_URL","1503","att_1503_2011050410092509952","น้ำตกแม่ขุน","ลำปาง","ภาคเหนือ","ธรรมชาติ","น้ำตก","8"
"OLD_GOOGLE_URL","1715","att_1715_2011032709555810048","เกาะมะพร้าว","ภูเก็ต","ภาคใต้","ธรรมชาติ","หมู่เกาะ","8"
"OLD_GOOGLE_URL","1786","att_1786_2011032214184410112","สถานแสดงพันธุ์สัตว์น้ำ ภูเก็ต","ภูเก็ต","ภาคใต้","กิจกรรมพิเศษ/นันทนาการ","สวนสัตว์","8"
"OLD_GOOGLE_URL","2001","att_2001_2010120911214109952","ศาลสมเด็จพระนเรศวรมหาราช","ตาก","ภาคเหนือ","ประวัติศาสตร์และวัฒนธรรม","อนุสาวรีย์/อนุสรณ์สถาน","8"
"OLD_GOOGLE_URL","2175","att_2175_20100518224629900","น้ำตกผาเท","ตาก","ภาคเหนือ","ธรรมชาติ","น้ำตก","8"
"OLD_GOOGLE_URL","2521","att_2521_201005182246292000","วัดเจดีย์แหลมสอ","สุราษฎร์ธานี","ภาคใต้","ประวัติศาสตร์และวัฒนธรรม","ประวัติความเป็นมา","8"